fire_id,year,month,day,lat,long,acres_burned,na_l3name,na_l2name,na_l1name,yearmonth,mean_potential_et,total_precip,max_air_temp,mean_wind_speed
CA3432711813620090826,2009,Aug,26,34.327,-118.136,165368,Southern and Baja California Pine-Oak Mountains,MEDITERRANEAN CALIFORNIA,MEDITERRANEAN CALIFORNIA,2009-08,6.60,0.79,304,2.98
ID4310411315820060815,2006,Aug,15,43.104,-113.158,218581,Snake River Plain,COLD DESERTS,NORTH AMERICAN DESERTS,2006-08,5.85,3.57,303,2.98
ID4321811283820000726,2000,July,26,43.218,-112.838,73479,Snake River Plain,COLD DESERTS,NORTH AMERICAN DESERTS,2000-07,6.82,5.25,305,3.11
NV4048211779820010812,2001,Aug,12,40.482,-117.798,76332,Central Basin and Range,COLD DESERTS,NORTH AMERICAN DESERTS,2001-08,6.32,11.29,306,2.98
NV4192111742519960826,1996,Aug,26,41.921,-117.425,58737,Northern Basin and Range,COLD DESERTS,NORTH AMERICAN DESERTS,1996-08,5.84,5.75,302,3.21
OR4363411935219900806,1990,Aug,6,43.634,-119.352,71143,Blue Mountains,WESTERN CORDILLERA,NORTHWESTERN FORESTED MOUNTAINS,1990-08,4.93,31.41,299,2.84
OR4487312131019960810,1996,Aug,10,44.873,-121.31,118466,Blue Mountains,WESTERN CORDILLERA,NORTHWESTERN FORESTED MOUNTAINS,1996-08,5.48,8.10,301,3.22
WA4642711956919840812,1984,Aug,12,46.427,-119.569,122914,Columbia Plateau,COLD DESERTS,NORTH AMERICAN DESERTS,1984-08,5.66,8.24,303,3.34
WA4667912005019960814,1996,Aug,14,46.679,-120.05,72859,Columbia Plateau,COLD DESERTS,NORTH AMERICAN DESERTS,1996-08,5.60,2.35,303,3.40
CA3433511879220031025,2003,Oct,25,34.335,-118.792,107756,"California Coastal Sage, Chaparral, and Oak Woodlands",MEDITERRANEAN CALIFORNIA,MEDITERRANEAN CALIFORNIA,2003-10,4.02,2.69,301,3.23
CA3534412027619960815,1996,Aug,15,35.344,-120.276,94698,"California Coastal Sage, Chaparral, and Oak Woodlands",MEDITERRANEAN CALIFORNIA,MEDITERRANEAN CALIFORNIA,1996-08,6.54,0.12,306,3.23
CA3593011818220000722,2000,July,22,35.93,-118.182,76158,Sierra Nevada,WESTERN CORDILLERA,NORTHWESTERN FORESTED MOUNTAINS,2000-07,6.09,0.53,298,2.91
CA3791311981819960814,1996,Aug,14,37.913,-119.818,58161,Sierra Nevada,WESTERN CORDILLERA,NORTHWESTERN FORESTED MOUNTAINS,1996-08,5.78,4.28,300,2.84
GA3111308242720070416,2007,April,16,31.113,-82.427,52495,Southern Coastal Plain,MISSISSIPPI ALLUVIAL AND SOUTHEAST USA COASTAL PLAINS,EASTERN TEMPERATE FORESTS,2007-04,5.31,45.41,300,4.22
NV4074311759720010831,2001,Aug,31,40.743,-117.597,55255,Central Basin and Range,COLD DESERTS,NORTH AMERICAN DESERTS,2001-08,6.32,11.29,306,2.98
OR4300511753819860810,1986,Aug,10,43.005,-117.538,65309,Northern Basin and Range,COLD DESERTS,NORTH AMERICAN DESERTS,1986-08,5.82,8.69,303,2.89
OR4312211758119960730,1996,July,30,43.122,-117.581,56721,Northern Basin and Range,COLD DESERTS,NORTH AMERICAN DESERTS,1996-07,6.49,8.62,304,2.90
OR4320311927919850707,1985,July,7,43.203,-119.279,50919,Northern Basin and Range,COLD DESERTS,NORTH AMERICAN DESERTS,1985-07,6.58,22.92,304,2.93
OR4541311664220070713,2007,July,13,45.413,-116.642,79114,Blue Mountains,WESTERN CORDILLERA,NORTHWESTERN FORESTED MOUNTAINS,2007-07,6.58,6.09,304,2.99
UT3925610955720020620,2002,June,20,39.256,-109.557,87396,Colorado Plateaus,COLD DESERTS,NORTH AMERICAN DESERTS,2002-06,7.85,2.67,305,3.87
AZ3243311077720030617,2003,June,17,32.433,-110.777,79707,Madrean Archipelago,WESTERN SIERRA MADRE PIEDMONT,SOUTHERN SEMI-ARID HIGHLANDS,2003-06,8.50,3.51,307,4.10
CA3461511897120060904,2006,Sept,4,34.615,-118.971,159713,Southern and Baja California Pine-Oak Mountains,MEDITERRANEAN CALIFORNIA,MEDITERRANEAN CALIFORNIA,2006-09,5.44,4.68,301,3.13
CA3508611531720050622,2005,June,22,35.086,-115.317,69967,Mojave Basin and Range,WARM DESERTS,NORTH AMERICAN DESERTS,2005-06,8.50,2.05,306,4.19
CO3922010528720020608,2002,June,8,39.22,-105.287,129417,Southern Rockies,WESTERN CORDILLERA,NORTHWESTERN FORESTED MOUNTAINS,2002-06,6.39,14.03,298,3.95
FL2623708064719990419,1999,April,19,26.237,-80.647,171317,Southern Florida Coastal Plain,EVERGLADES,TROPICAL WET FORESTS,1999-04,5.43,47.01,304,3.22
FL2991908306120010528,2001,May,28,29.919,-83.061,59179,Southern Coastal Plain,MISSISSIPPI ALLUVIAL AND SOUTHEAST USA COASTAL PLAINS,EASTERN TEMPERATE FORESTS,2001-05,5.75,43.19,304,3.55
FL3054608239119990521,1999,May,21,30.546,-82.391,75089,Southern Coastal Plain,MISSISSIPPI ALLUVIAL AND SOUTHEAST USA COASTAL PLAINS,EASTERN TEMPERATE FORESTS,1999-05,5.46,79.09,303,3.44
GA3067208246020070425,2007,April,25,30.672,-82.46,330706,Southern Coastal Plain,MISSISSIPPI ALLUVIAL AND SOUTHEAST USA COASTAL PLAINS,EASTERN TEMPERATE FORESTS,2007-04,5.31,45.41,300,4.22
GA3068508231820020503,2002,May,3,30.685,-82.318,108894,Southern Coastal Plain,MISSISSIPPI ALLUVIAL AND SOUTHEAST USA COASTAL PLAINS,EASTERN TEMPERATE FORESTS,2002-05,5.81,56.50,304,4.11
GA3094108231320070505,2007,May,5,30.941,-82.313,215381,Southern Coastal Plain,MISSISSIPPI ALLUVIAL AND SOUTHEAST USA COASTAL PLAINS,EASTERN TEMPERATE FORESTS,2007-05,6.02,30.51,303,4.44
ID4213811276820060805,2006,Aug,5,42.138,-112.768,50677,Northern Basin and Range,COLD DESERTS,NORTH AMERICAN DESERTS,2006-08,5.86,4.73,301,3.16
ID4266811529419860810,1986,Aug,10,42.668,-115.294,62445,Northern Basin and Range,COLD DESERTS,NORTH AMERICAN DESERTS,1986-08,5.82,8.69,303,2.89
ID4475111519220000811,2000,Aug,11,44.751,-115.192,53790,Idaho Batholith,WESTERN CORDILLERA,NORTHWESTERN FORESTED MOUNTAINS,2000-08,5.57,8.83,299,3.56
ID4554811559420070713,2007,July,13,45.548,-115.594,102523,Idaho Batholith,WESTERN CORDILLERA,NORTHWESTERN FORESTED MOUNTAINS,2007-07,6.31,12.04,302,3.00
WA4596412011120000823,2000,Aug,23,45.964,-120.111,90184,Columbia Plateau,COLD DESERTS,NORTH AMERICAN DESERTS,2000-08,5.79,0.55,302,3.47
ID4351911570619920819,1992,Aug,19,43.519,-115.706,228631,Idaho Batholith,WESTERN CORDILLERA,NORTHWESTERN FORESTED MOUNTAINS,1992-08,5.18,12.42,298,3.37
ID4540111516420000731,2000,July,31,45.401,-115.164,90611,Idaho Batholith,WESTERN CORDILLERA,NORTHWESTERN FORESTED MOUNTAINS,2000-07,5.91,10.50,299,3.09
KS3848709654320140326,2014,March,26,38.501,-96.518,66147,Flint Hills,SOUTH CENTRAL SEMI-ARID PRAIRIES,GREAT PLAINS,2014-03,3.34,18.19,286,5.66
NM3341610797320030428,2003,April,28,33.416,-107.973,56796,Arizona/New Mexico Mountains,UPPER GILA MOUNTAINS,TEMPERATE SIERRAS,2003-04,5.25,8.06,291,5.57
NV4034111594019990805,1999,Aug,5,40.341,-115.94,183908,Central Basin and Range,COLD DESERTS,NORTH AMERICAN DESERTS,1999-08,6.02,20.20,302,3.48
NV4050111851919990804,1999,Aug,4,40.501,-118.519,236451,Central Basin and Range,COLD DESERTS,NORTH AMERICAN DESERTS,1999-08,6.02,20.20,302,3.48
AZ3154111115820110530,2011,May,30,31.464,-111.12,64407,Madrean Archipelago,WESTERN SIERRA MADRE PIEDMONT,SOUTHERN SEMI-ARID HIGHLANDS,2011-05,7.65,0.45,301,4.67
AZ3182010921120110508,2011,May,8,31.907,-109.275,226079,Madrean Archipelago,WESTERN SIERRA MADRE PIEDMONT,SOUTHERN SEMI-ARID HIGHLANDS,2011-05,7.65,0.45,301,4.67
AZ3266111295120050617,2005,June,17,32.661,-112.951,65148,Sonoran Desert,WARM DESERTS,NORTH AMERICAN DESERTS,2005-06,8.85,0.44,311,3.62
AZ3341710997520140419,2014,April,19,33.45,-110.046,73774,Arizona/New Mexico Mountains,UPPER GILA MOUNTAINS,TEMPERATE SIERRAS,2014-04,5.36,10.03,292,5.25
AZ3360210944920110529,2011,May,29,33.799,-109.253,563664,Arizona/New Mexico Mountains,UPPER GILA MOUNTAINS,TEMPERATE SIERRAS,2011-05,6.61,9.78,295,5.58
AZ3368911131719960427,1996,April,27,33.689,-111.317,60574,Arizona/New Mexico Mountains,UPPER GILA MOUNTAINS,TEMPERATE SIERRAS,1996-04,5.63,3.73,294,4.83
AZ3379211140020050716,2005,July,16,33.792,-111.4,69291,Arizona/New Mexico Mountains,UPPER GILA MOUNTAINS,TEMPERATE SIERRAS,2005-07,6.97,39.17,305,3.51
AZ3410911149820040624,2004,June,24,34.109,-111.498,118494,Arizona/New Mexico Mountains,UPPER GILA MOUNTAINS,TEMPERATE SIERRAS,2004-06,7.72,9.39,302,4.32
AZ3423311046320020618,2002,June,18,34.233,-110.463,461774,Arizona/New Mexico Mountains,UPPER GILA MOUNTAINS,TEMPERATE SIERRAS,2002-06,8.23,4.22,305,4.46
AZ3424311187720050621,2005,June,21,34.243,-111.877,246143,Arizona/New Mexico Mountains,UPPER GILA MOUNTAINS,TEMPERATE SIERRAS,2005-06,7.52,7.15,302,4.57
AZ3662511217320060608,2006,June,8,36.625,-112.173,58255,Arizona/New Mexico Mountains,UPPER GILA MOUNTAINS,TEMPERATE SIERRAS,2006-06,7.45,20.92,304,3.76
CA3264611677120071021,2007,Oct,21,32.646,-116.771,90443,"California Coastal Sage, Chaparral, and Oak Woodlands",MEDITERRANEAN CALIFORNIA,MEDITERRANEAN CALIFORNIA,2007-10,3.39,29.42,296,3.34
CA3293911676620031025,2003,Oct,25,32.939,-116.766,268362,"California Coastal Sage, Chaparral, and Oak Woodlands",MEDITERRANEAN CALIFORNIA,MEDITERRANEAN CALIFORNIA,2003-10,4.02,2.69,301,3.23
CA3307911676620071021,2007,Oct,21,33.079,-116.766,167551,"California Coastal Sage, Chaparral, and Oak Woodlands",MEDITERRANEAN CALIFORNIA,MEDITERRANEAN CALIFORNIA,2007-10,3.39,29.42,296,3.34
CA3314611657420020729,2002,July,29,33.146,-116.574,65407,Southern and Baja California Pine-Oak Mountains,MEDITERRANEAN CALIFORNIA,MEDITERRANEAN CALIFORNIA,2002-07,7.28,1.23,305,3.18
CA3320411691620031026,2003,Oct,26,33.204,-116.916,55995,"California Coastal Sage, Chaparral, and Oak Woodlands",MEDITERRANEAN CALIFORNIA,MEDITERRANEAN CALIFORNIA,2003-10,4.02,2.69,301,3.23
CA3411411662020060709,2006,July,9,34.114,-116.62,86585,Southern and Baja California Pine-Oak Mountains,MEDITERRANEAN CALIFORNIA,MEDITERRANEAN CALIFORNIA,2006-07,7.07,6.88,306,3.07
CA3418611747320031021,2003,Oct,21,34.186,-117.473,50799,Southern and Baja California Pine-Oak Mountains,MEDITERRANEAN CALIFORNIA,MEDITERRANEAN CALIFORNIA,2003-10,4.08,4.11,299,2.86
CA3424711728420031025,2003,Oct,25,34.247,-117.284,90180,Southern and Baja California Pine-Oak Mountains,MEDITERRANEAN CALIFORNIA,MEDITERRANEAN CALIFORNIA,2003-10,4.08,4.11,299,2.86
CA3434511710619990828,1999,Aug,28,34.345,-117.106,63525,Southern and Baja California Pine-Oak Mountains,MEDITERRANEAN CALIFORNIA,MEDITERRANEAN CALIFORNIA,1999-08,6.35,1.89,304,2.91
CA3448011886120031023,2003,Oct,23,34.48,-118.861,63920,Southern and Baja California Pine-Oak Mountains,MEDITERRANEAN CALIFORNIA,MEDITERRANEAN CALIFORNIA,2003-10,4.08,4.11,299,2.86
CA3451011935419850701,1985,July,1,34.51,-119.354,126854,Southern and Baja California Pine-Oak Mountains,MEDITERRANEAN CALIFORNIA,MEDITERRANEAN CALIFORNIA,1985-07,7.06,16.60,305,3.01
CA3469511965920070704,2007,July,4,34.695,-119.659,241846,Southern and Baja California Pine-Oak Mountains,MEDITERRANEAN CALIFORNIA,MEDITERRANEAN CALIFORNIA,2007-07,7.21,0.97,305,3.05
CA3493612002720090808,2009,Aug,8,34.936,-120.027,84213,Southern and Baja California Pine-Oak Mountains,MEDITERRANEAN CALIFORNIA,MEDITERRANEAN CALIFORNIA,2009-08,6.60,0.79,304,2.98
CA3528712050619850701,1985,July,1,35.287,-120.506,75841,"California Coastal Sage, Chaparral, and Oak Woodlands",MEDITERRANEAN CALIFORNIA,MEDITERRANEAN CALIFORNIA,1985-07,7.22,1.56,306,3.47
CA3606612146119850706,1985,July,6,36.066,-121.461,52474,"California Coastal Sage, Chaparral, and Oak Woodlands",MEDITERRANEAN CALIFORNIA,MEDITERRANEAN CALIFORNIA,1985-07,7.22,1.56,306,3.47
CA3606711840020020721,2002,July,21,36.067,-118.4,146540,Sierra Nevada,WESTERN CORDILLERA,NORTHWESTERN FORESTED MOUNTAINS,2002-07,6.47,2.93,301,2.83
CA3613612137820080608,2008,June,8,36.136,-121.378,59095,"California Coastal Sage, Chaparral, and Oak Woodlands",MEDITERRANEAN CALIFORNIA,MEDITERRANEAN CALIFORNIA,2008-06,7.28,0.32,304,3.77
CA3621212157820080621,2008,June,21,36.212,-121.578,164537,"California Coastal Sage, Chaparral, and Oak Woodlands",MEDITERRANEAN CALIFORNIA,MEDITERRANEAN CALIFORNIA,2008-06,7.28,0.32,304,3.77
CA3687411890520150801,2015,Aug,1,36.852,-118.884,146369,Sierra Nevada,WESTERN CORDILLERA,NORTHWESTERN FORESTED MOUNTAINS,2015-08,5.88,3.24,299,3.07
CA3785712008620130817,2013,Aug,17,37.916,-119.969,257084,Sierra Nevada,WESTERN CORDILLERA,NORTHWESTERN FORESTED MOUNTAINS,2013-08,5.55,3.23,298,3.05
CA3834312069620150909,2015,Sept,9,38.266,-120.592,72894,Sierra Nevada,WESTERN CORDILLERA,NORTHWESTERN FORESTED MOUNTAINS,2015-09,4.62,6.74,297,3.22
CA3878212060420140913,2014,Sept,13,38.93,-120.542,99070,Sierra Nevada,WESTERN CORDILLERA,NORTHWESTERN FORESTED MOUNTAINS,2014-09,4.46,22.38,296,3.13
CA3884412276020150912,2015,Sept,12,38.788,-122.613,77507,"California Coastal Sage, Chaparral, and Oak Woodlands",MEDITERRANEAN CALIFORNIA,MEDITERRANEAN CALIFORNIA,2015-09,5.17,12.05,304,3.08
CA3891212249320150729,2015,July,29,38.91,-122.45,96125,"California Coastal Sage, Chaparral, and Oak Woodlands",MEDITERRANEAN CALIFORNIA,MEDITERRANEAN CALIFORNIA,2015-07,6.53,13.15,304,3.23
CA3920212274419960811,1996,Aug,11,39.202,-122.744,83209,Klamath Mountains,WESTERN CORDILLERA,NORTHWESTERN FORESTED MOUNTAINS,1996-08,6.22,1.35,304,3.29
CA3954212303919870831,1987,Aug,31,39.542,-123.039,54162,Klamath Mountains,WESTERN CORDILLERA,NORTHWESTERN FORESTED MOUNTAINS,1987-08,6.54,2.01,304,3.48
CA3985212144420080814,2008,Aug,14,39.852,-121.444,52091,Sierra Nevada,WESTERN CORDILLERA,NORTHWESTERN FORESTED MOUNTAINS,2008-08,6.03,0.69,300,3.22
CA4001012127720120729,2012,July,29,40.095,-121.199,79978,Sierra Nevada,WESTERN CORDILLERA,NORTHWESTERN FORESTED MOUNTAINS,2012-07,6.30,2.60,300,2.94
CA4004112182419900806,1990,Aug,6,40.041,-121.824,128266,"California Coastal Sage, Chaparral, and Oak Woodlands",MEDITERRANEAN CALIFORNIA,MEDITERRANEAN CALIFORNIA,1990-08,6.10,1.76,304,3.33
CA4009612297920080621,2008,June,21,40.096,-122.979,94888,Klamath Mountains,WESTERN CORDILLERA,NORTHWESTERN FORESTED MOUNTAINS,2008-06,6.29,8.01,298,3.90
CA4017912180419990928,1999,Sept,28,40.179,-121.804,61203,"California Coastal Sage, Chaparral, and Oak Woodlands",MEDITERRANEAN CALIFORNIA,MEDITERRANEAN CALIFORNIA,1999-09,4.98,2.34,303,2.79
CA4022012073620070903,2007,Sept,3,40.22,-120.736,65718,Sierra Nevada,WESTERN CORDILLERA,NORTHWESTERN FORESTED MOUNTAINS,2007-09,4.23,17.34,293,3.40
CA4062112015220120812,2012,Aug,12,40.603,-120.09,306811,Northern Basin and Range,COLD DESERTS,NORTH AMERICAN DESERTS,2012-08,6.30,5.77,305,3.05
CA4073412017820010809,2001,Aug,9,40.734,-120.178,67432,Eastern Cascades Slopes and Foothills,WESTERN CORDILLERA,NORTHWESTERN FORESTED MOUNTAINS,2001-08,5.72,4.78,302,3.23
CA4084612185219920820,1992,Aug,20,40.846,-121.852,62340,Cascades,WESTERN CORDILLERA,NORTHWESTERN FORESTED MOUNTAINS,1992-08,5.20,15.00,299,3.26
CA4091312343720150731,2015,July,31,40.914,-123.364,78531,Klamath Mountains,WESTERN CORDILLERA,NORTHWESTERN FORESTED MOUNTAINS,2015-07,6.64,17.13,303,3.33
CA4095112320220060902,2006,Sept,2,40.951,-123.202,100962,Klamath Mountains,WESTERN CORDILLERA,NORTHWESTERN FORESTED MOUNTAINS,2006-09,4.90,6.99,300,3.66
CA4104812343519990927,1999,Sept,27,41.048,-123.435,124499,Klamath Mountains,WESTERN CORDILLERA,NORTHWESTERN FORESTED MOUNTAINS,1999-09,5.13,2.47,301,3.52
CA4114311975020120805,2012,Aug,5,41.255,-119.558,57647,Northern Basin and Range,COLD DESERTS,NORTH AMERICAN DESERTS,2012-08,6.30,5.77,305,3.05
CA4141212331619870830,1987,Aug,30,41.412,-123.316,53626,Klamath Mountains,WESTERN CORDILLERA,NORTHWESTERN FORESTED MOUNTAINS,1987-08,6.54,2.01,304,3.48
CA4154112338120080722,2008,July,22,41.541,-123.381,71448,Klamath Mountains,WESTERN CORDILLERA,NORTHWESTERN FORESTED MOUNTAINS,2008-07,6.91,0.36,303,3.46
CA4161412365820080621,2008,June,21,41.614,-123.658,100823,Klamath Mountains,WESTERN CORDILLERA,NORTHWESTERN FORESTED MOUNTAINS,2008-06,6.29,8.01,298,3.90
CA4163812338919870830,1987,Aug,30,41.638,-123.389,71390,Klamath Mountains,WESTERN CORDILLERA,NORTHWESTERN FORESTED MOUNTAINS,1987-08,6.54,2.01,304,3.48
CA4179612337420140814,2014,Aug,14,41.707,-123.196,118491,Klamath Mountains,WESTERN CORDILLERA,NORTHWESTERN FORESTED MOUNTAINS,2014-08,6.20,3.83,303,3.35
CO3744910767720020609,2002,June,9,37.449,-107.677,68919,Southern Rockies,WESTERN CORDILLERA,NORTHWESTERN FORESTED MOUNTAINS,2002-06,6.39,14.03,298,3.95
CO4058910540420120609,2012,June,9,40.658,-105.357,90769,Southern Rockies,WESTERN CORDILLERA,NORTHWESTERN FORESTED MOUNTAINS,2012-06,6.62,7.33,298,4.27
FL2547708076419890517,1989,May,17,25.477,-80.764,85437,Southern Florida Coastal Plain,EVERGLADES,TROPICAL WET FORESTS,1989-05,5.94,52.11,305,2.87
FL2580408046920110605,2011,June,5,25.871,-80.559,67959,Southern Florida Coastal Plain,EVERGLADES,TROPICAL WET FORESTS,2011-06,6.06,183.32,307,3.34
FL2583708052719850526,1985,May,26,25.837,-80.527,54638,Southern Florida Coastal Plain,EVERGLADES,TROPICAL WET FORESTS,1985-05,5.56,89.60,305,2.50
FL2602008107320070507,2007,May,7,26.02,-81.073,60644,Southern Florida Coastal Plain,EVERGLADES,TROPICAL WET FORESTS,2007-05,5.84,85.11,303,4.52
FL2622108060319890622,1989,June,22,26.221,-80.603,90127,Southern Florida Coastal Plain,EVERGLADES,TROPICAL WET FORESTS,1989-06,5.60,178.75,306,3.28
FL2622208075919850225,1985,Feb,25,26.222,-80.759,51504,Southern Florida Coastal Plain,EVERGLADES,TROPICAL WET FORESTS,1985-02,3.76,9.91,299,3.88
FL2622408075919890316,1989,March,16,26.224,-80.759,56910,Southern Florida Coastal Plain,EVERGLADES,TROPICAL WET FORESTS,1989-03,4.29,64.94,301,3.53
FL2623308059120140607,2014,June,7,26.261,-80.56,50667,Southern Florida Coastal Plain,EVERGLADES,TROPICAL WET FORESTS,2014-06,5.28,227.42,306,2.65
FL2919408119119980622,1998,June,22,29.194,-81.191,121213,Southern Coastal Plain,MISSISSIPPI ALLUVIAL AND SOUTHEAST USA COASTAL PLAINS,EASTERN TEMPERATE FORESTS,1998-06,6.95,57.36,309,3.76
GA3073008236920110430,2011,April,30,30.692,-82.303,147065,Southern Coastal Plain,MISSISSIPPI ALLUVIAL AND SOUTHEAST USA COASTAL PLAINS,EASTERN TEMPERATE FORESTS,2011-04,5.50,38.61,303,3.77
GA3086808245120110701,2011,July,1,30.806,-82.323,142688,Southern Coastal Plain,MISSISSIPPI ALLUVIAL AND SOUTHEAST USA COASTAL PLAINS,EASTERN TEMPERATE FORESTS,2011-07,5.61,179.33,307,2.99
ID4216011532120070721,2007,July,21,42.16,-115.321,567409,Northern Basin and Range,COLD DESERTS,NORTH AMERICAN DESERTS,2007-07,6.89,7.50,305,2.99
ID4222111319320070706,2007,July,6,42.221,-113.193,69897,Northern Basin and Range,COLD DESERTS,NORTH AMERICAN DESERTS,2007-07,6.89,7.50,305,2.99
ID4227711406020120805,2012,Aug,5,42.299,-114.112,84780,Northern Basin and Range,COLD DESERTS,NORTH AMERICAN DESERTS,2012-08,6.30,5.77,305,3.05
ID4243011543019950729,1995,July,29,42.43,-115.43,80638,Northern Basin and Range,COLD DESERTS,NORTH AMERICAN DESERTS,1995-07,6.22,18.81,301,3.49
ID4245311502520120707,2012,July,7,42.603,-115.179,171409,Northern Basin and Range,COLD DESERTS,NORTH AMERICAN DESERTS,2012-07,6.84,8.31,304,3.13
ID4256011535919850706,1985,July,6,42.56,-115.359,62780,Northern Basin and Range,COLD DESERTS,NORTH AMERICAN DESERTS,1985-07,6.58,22.92,304,2.93
ID4258011530420060823,2006,Aug,23,42.58,-115.304,62699,Northern Basin and Range,COLD DESERTS,NORTH AMERICAN DESERTS,2006-08,5.86,4.73,301,3.16
ID4263011521720050715,2005,July,15,42.63,-115.217,199023,Northern Basin and Range,COLD DESERTS,NORTH AMERICAN DESERTS,2005-07,6.79,6.58,304,3.10
ID4266311590220110814,2011,Aug,14,42.535,-115.792,65416,Northern Basin and Range,COLD DESERTS,NORTH AMERICAN DESERTS,2011-08,5.92,3.79,303,2.94
ID4275711507020100821,2010,Aug,21,42.757,-115.07,302546,Snake River Plain,COLD DESERTS,NORTH AMERICAN DESERTS,2010-08,5.71,9.71,302,3.32
ID4281411549619870614,1987,June,14,42.814,-115.496,66024,Snake River Plain,COLD DESERTS,NORTH AMERICAN DESERTS,1987-06,6.03,21.39,301,2.98
ID4295911374920120805,2012,Aug,5,43.009,-113.886,102340,Snake River Plain,COLD DESERTS,NORTH AMERICAN DESERTS,2012-08,6.38,8.62,307,3.01
ID4299011308620000726,2000,July,26,42.99,-113.086,56792,Snake River Plain,COLD DESERTS,NORTH AMERICAN DESERTS,2000-07,6.82,5.25,305,3.11
ID4304511327219990803,1999,Aug,3,43.045,-113.272,138102,Snake River Plain,COLD DESERTS,NORTH AMERICAN DESERTS,1999-08,5.57,13.59,303,2.94
ID4304711393919960703,1996,July,3,43.047,-113.939,178385,Snake River Plain,COLD DESERTS,NORTH AMERICAN DESERTS,1996-07,6.60,8.39,305,2.84
ID4308811381819920802,1992,Aug,2,43.088,-113.818,147833,Snake River Plain,COLD DESERTS,NORTH AMERICAN DESERTS,1992-08,6.02,2.33,304,3.21
ID4311811696020150810,2015,Aug,10,43.319,-116.861,282888,Northern Basin and Range,COLD DESERTS,NORTH AMERICAN DESERTS,2015-08,5.92,10.46,302,3.31
ID4318311309619960827,1996,Aug,27,43.183,-113.096,219424,Snake River Plain,COLD DESERTS,NORTH AMERICAN DESERTS,1996-08,5.78,2.99,304,3.05
ID4319311451419900808,1990,Aug,8,43.193,-114.514,70365,Snake River Plain,COLD DESERTS,NORTH AMERICAN DESERTS,1990-08,5.46,16.73,303,2.84
ID4329411554820130809,2013,Aug,9,43.385,-115.651,148188,Idaho Batholith,WESTERN CORDILLERA,NORTHWESTERN FORESTED MOUNTAINS,2013-08,5.36,13.46,299,3.37
ID4334011550020130809,2013,Aug,9,43.478,-115.484,129565,Idaho Batholith,WESTERN CORDILLERA,NORTHWESTERN FORESTED MOUNTAINS,2013-08,5.36,13.46,299,3.37
ID4345711455020130807,2013,Aug,7,43.603,-114.507,111286,Idaho Batholith,WESTERN CORDILLERA,NORTHWESTERN FORESTED MOUNTAINS,2013-08,5.36,13.46,299,3.37
ID4367911257020100713,2010,July,13,43.679,-112.57,108542,Snake River Plain,COLD DESERTS,NORTH AMERICAN DESERTS,2010-07,6.67,4.58,303,3.35
ID4371111536820120803,2012,Aug,3,43.719,-115.394,141807,Idaho Batholith,WESTERN CORDILLERA,NORTHWESTERN FORESTED MOUNTAINS,2012-08,5.55,3.71,300,3.26
ID4392811541119940728,1994,July,28,43.928,-115.411,150456,Idaho Batholith,WESTERN CORDILLERA,NORTHWESTERN FORESTED MOUNTAINS,1994-07,5.87,26.23,299,3.24
ID4408911638320060810,2006,Aug,10,44.089,-116.383,56773,Snake River Plain,COLD DESERTS,NORTH AMERICAN DESERTS,2006-08,5.85,3.57,303,2.98
ID4444511516620120727,2012,July,27,44.455,-114.982,190156,Idaho Batholith,WESTERN CORDILLERA,NORTHWESTERN FORESTED MOUNTAINS,2012-07,6.11,21.73,300,3.14
ID4448411541019870804,1987,Aug,4,44.484,-115.41,57051,Idaho Batholith,WESTERN CORDILLERA,NORTHWESTERN FORESTED MOUNTAINS,1987-08,4.94,20.07,296,3.46
ID4464911452420070730,2007,July,30,44.649,-114.524,50967,Idaho Batholith,WESTERN CORDILLERA,NORTHWESTERN FORESTED MOUNTAINS,2007-07,6.31,12.04,302,3.00
ID4475011554820070717,2007,July,17,44.75,-115.548,317157,Idaho Batholith,WESTERN CORDILLERA,NORTHWESTERN FORESTED MOUNTAINS,2007-07,6.31,12.04,302,3.00
ID4482211481920070717,2007,July,17,44.822,-114.819,50106,Idaho Batholith,WESTERN CORDILLERA,NORTHWESTERN FORESTED MOUNTAINS,2007-07,6.31,12.04,302,3.00
ID4505611489120000731,2000,July,31,45.056,-114.891,271361,Idaho Batholith,WESTERN CORDILLERA,NORTHWESTERN FORESTED MOUNTAINS,2000-07,5.91,10.50,299,3.09
ID4510511570820070706,2007,July,6,45.105,-115.708,318724,Idaho Batholith,WESTERN CORDILLERA,NORTHWESTERN FORESTED MOUNTAINS,2007-07,6.31,12.04,302,3.00
ID4515511602719940802,1994,Aug,2,45.155,-116.027,140101,Idaho Batholith,WESTERN CORDILLERA,NORTHWESTERN FORESTED MOUNTAINS,1994-08,5.50,8.74,299,3.47
ID4519911434120000710,2000,July,10,45.199,-114.341,170322,Idaho Batholith,WESTERN CORDILLERA,NORTHWESTERN FORESTED MOUNTAINS,2000-07,5.91,10.50,299,3.09
ID4520811624820150812,2015,Aug,12,45.318,-116.116,94878,Idaho Batholith,WESTERN CORDILLERA,NORTHWESTERN FORESTED MOUNTAINS,2015-08,5.53,18.88,298,3.77
ID4521611552119940811,1994,Aug,11,45.216,-115.521,129849,Idaho Batholith,WESTERN CORDILLERA,NORTHWESTERN FORESTED MOUNTAINS,1994-08,5.50,8.74,299,3.47
ID4537511565420000714,2000,July,14,45.375,-115.654,67284,Idaho Batholith,WESTERN CORDILLERA,NORTHWESTERN FORESTED MOUNTAINS,2000-07,5.91,10.50,299,3.09
ID4542411459020120730,2012,July,30,45.473,-114.506,377632,Idaho Batholith,WESTERN CORDILLERA,NORTHWESTERN FORESTED MOUNTAINS,2012-07,6.11,21.73,300,3.14
ID4553411629920120906,2012,Sept,6,45.565,-116.198,50769,Idaho Batholith,WESTERN CORDILLERA,NORTHWESTERN FORESTED MOUNTAINS,2012-09,4.12,5.07,295,3.39
ID4562411645420070718,2007,July,18,45.624,-116.454,59704,Blue Mountains,WESTERN CORDILLERA,NORTHWESTERN FORESTED MOUNTAINS,2007-07,6.58,6.09,304,2.99
ID4594011680920000811,2000,Aug,11,45.94,-116.809,131397,Blue Mountains,WESTERN CORDILLERA,NORTHWESTERN FORESTED MOUNTAINS,2000-08,5.79,2.89,301,3.30
ID4599311683120140803,2014,Aug,3,46.002,-116.849,65397,Blue Mountains,WESTERN CORDILLERA,NORTHWESTERN FORESTED MOUNTAINS,2014-08,5.14,28.24,300,2.97
ID4605311687720070713,2007,July,13,46.053,-116.877,50646,Blue Mountains,WESTERN CORDILLERA,NORTHWESTERN FORESTED MOUNTAINS,2007-07,6.58,6.09,304,2.99
KS3703709613220090410,2009,April,10,37.037,-96.132,800724,Cross Timbers,SOUTH CENTRAL SEMI-ARID PRAIRIES,GREAT PLAINS,2009-04,5.35,122.94,297,5.92
KS3740209652220140404,2014,April,4,37.409,-96.502,99704,Flint Hills,SOUTH CENTRAL SEMI-ARID PRAIRIES,GREAT PLAINS,2014-04,4.51,55.37,293,5.87
KS3746509670920090420,2009,April,20,37.465,-96.709,765550,Flint Hills,SOUTH CENTRAL SEMI-ARID PRAIRIES,GREAT PLAINS,2009-04,3.95,159.89,292,5.53
KS3778309657320070401,2007,April,1,37.783,-96.573,74183,Flint Hills,SOUTH CENTRAL SEMI-ARID PRAIRIES,GREAT PLAINS,2007-04,3.87,89.49,291,5.01
KS3779309654420140122,2014,Jan,22,37.786,-96.529,60976,Flint Hills,SOUTH CENTRAL SEMI-ARID PRAIRIES,GREAT PLAINS,2014-01,1.68,8.59,278,5.55
KS3803909641920140404,2014,April,4,38.029,-96.426,113708,Flint Hills,SOUTH CENTRAL SEMI-ARID PRAIRIES,GREAT PLAINS,2014-04,4.51,55.37,293,5.87
KS3807209637920110411,2011,April,11,38.099,-96.383,116581,Flint Hills,SOUTH CENTRAL SEMI-ARID PRAIRIES,GREAT PLAINS,2011-04,4.97,59.30,295,5.89
KS3814509638720150314,2015,March,14,38.167,-96.384,68478,Flint Hills,SOUTH CENTRAL SEMI-ARID PRAIRIES,GREAT PLAINS,2015-03,3.11,12.42,289,4.14
KS3818209643420070401,2007,April,1,38.182,-96.434,71132,Flint Hills,SOUTH CENTRAL SEMI-ARID PRAIRIES,GREAT PLAINS,2007-04,3.87,89.49,291,5.01
KS3827709661320150330,2015,March,30,38.268,-96.606,55037,Flint Hills,SOUTH CENTRAL SEMI-ARID PRAIRIES,GREAT PLAINS,2015-03,3.11,12.42,289,4.14
KS3830509627320060422,2006,April,22,38.305,-96.273,1183539,Flint Hills,SOUTH CENTRAL SEMI-ARID PRAIRIES,GREAT PLAINS,2006-04,5.02,108.83,297,5.40
KS3847509656719980401,1998,April,1,38.475,-96.567,60039,Flint Hills,SOUTH CENTRAL SEMI-ARID PRAIRIES,GREAT PLAINS,1998-04,3.64,78.37,291,5.02
KS3852109646220150330,2015,March,30,38.526,-96.467,51547,Flint Hills,SOUTH CENTRAL SEMI-ARID PRAIRIES,GREAT PLAINS,2015-03,3.11,12.42,289,4.14
KS3885509620220140326,2014,March,26,38.858,-96.215,122787,Flint Hills,SOUTH CENTRAL SEMI-ARID PRAIRIES,GREAT PLAINS,2014-03,3.34,18.19,286,5.66
KY3744808274319871113,1987,Nov,13,37.448,-82.743,66345,Central Appalachians,OZARK/OUACHITA-APPALACHIAN FORESTS,EASTERN TEMPERATE FORESTS,1987-11,2.05,67.81,287,4.82
KY3745908336819871105,1987,Nov,5,37.459,-83.368,66145,Central Appalachians,OZARK/OUACHITA-APPALACHIAN FORESTS,EASTERN TEMPERATE FORESTS,1987-11,2.05,67.81,287,4.82
MN4790609152420110817,2011,Aug,17,47.828,-91.298,85116,Northern Lakes and Forests,MIXED WOOD SHIELD,NORTHERN FORESTS,2011-08,4.70,80.20,301,3.95
MN4803809544420030409,2003,April,9,48.038,-95.444,67641,Northern Minnesota Wetlands,MIXED WOOD SHIELD,NORTHERN FORESTS,2003-04,3.17,25.01,285,4.97
MN4806509545519891023,1989,Oct,23,48.065,-95.455,66422,Northern Minnesota Wetlands,MIXED WOOD SHIELD,NORTHERN FORESTS,1989-10,2.07,22.02,286,4.51
MN4809809545719870405,1987,April,5,48.098,-95.457,131401,Northern Minnesota Wetlands,MIXED WOOD SHIELD,NORTHERN FORESTS,1987-04,4.28,6.10,292,4.35
MT4507511010219880619,1988,June,19,45.075,-110.102,179096,Middle Rockies,WESTERN CORDILLERA,NORTHWESTERN FORESTED MOUNTAINS,1988-06,5.95,31.92,298,4.01
MT4524310605320120703,2012,July,3,45.26,-106.031,64383,Northwestern Great Plains,WEST-CENTRAL SEMI-ARID PRAIRIES,GREAT PLAINS,2012-07,7.27,34.95,308,3.53
MT4538610624320000726,2000,July,26,45.386,-106.243,62381,Northwestern Great Plains,WEST-CENTRAL SEMI-ARID PRAIRIES,GREAT PLAINS,2000-07,6.24,52.22,304,3.38
MT4550810679219940908,1994,Sept,8,45.508,-106.792,61955,Northwestern Great Plains,WEST-CENTRAL SEMI-ARID PRAIRIES,GREAT PLAINS,1994-09,4.24,26.58,299,3.69
MT4559210981020060822,2006,Aug,22,45.592,-109.81,200993,Middle Rockies,WESTERN CORDILLERA,NORTHWESTERN FORESTED MOUNTAINS,2006-08,5.05,23.48,297,3.41
MT4566710414620020830,2002,Aug,30,45.667,-104.146,66292,Northwestern Great Plains,WEST-CENTRAL SEMI-ARID PRAIRIES,GREAT PLAINS,2002-08,5.40,46.37,301,4.00
MT4566910646920120625,2012,June,25,45.648,-106.137,253413,Northwestern Great Plains,WEST-CENTRAL SEMI-ARID PRAIRIES,GREAT PLAINS,2012-06,6.53,37.31,301,4.66
MT4573810684020120801,2012,Aug,1,45.754,-106.796,132680,Northwestern Great Plains,WEST-CENTRAL SEMI-ARID PRAIRIES,GREAT PLAINS,2012-08,6.06,16.54,305,3.49
MT4574610716620120731,2012,July,31,45.648,-107.258,83942,Northwestern Great Plains,WEST-CENTRAL SEMI-ARID PRAIRIES,GREAT PLAINS,2012-07,7.27,34.95,308,3.53
MT4580011396420000731,2000,July,31,45.8,-113.964,62967,Idaho Batholith,WESTERN CORDILLERA,NORTHWESTERN FORESTED MOUNTAINS,2000-07,5.91,10.50,299,3.09
MT4582910516719960817,1996,Aug,17,45.829,-105.167,55024,Northwestern Great Plains,WEST-CENTRAL SEMI-ARID PRAIRIES,GREAT PLAINS,1996-08,6.10,22.62,304,3.74
MT4589911360920000731,2000,July,31,45.899,-113.609,64810,Idaho Batholith,WESTERN CORDILLERA,NORTHWESTERN FORESTED MOUNTAINS,2000-07,5.91,10.50,299,3.09
MT4600611408220000731,2000,July,31,46.006,-114.082,118045,Idaho Batholith,WESTERN CORDILLERA,NORTHWESTERN FORESTED MOUNTAINS,2000-07,5.91,10.50,299,3.09
MT4601710766920060716,2006,July,16,46.017,-107.669,103074,Northwestern Great Plains,WEST-CENTRAL SEMI-ARID PRAIRIES,GREAT PLAINS,2006-07,7.31,16.09,307,3.53
MT4613910793820060712,2006,July,12,46.139,-107.938,91575,Northwestern Great Plains,WEST-CENTRAL SEMI-ARID PRAIRIES,GREAT PLAINS,2006-07,7.31,16.09,307,3.53
MT4620711124920000815,2000,Aug,15,46.207,-111.249,80383,Middle Rockies,WESTERN CORDILLERA,NORTHWESTERN FORESTED MOUNTAINS,2000-08,5.37,19.06,298,3.85
MT4621810818620080821,2008,Aug,21,46.218,-108.186,105494,Northwestern Great Plains,WEST-CENTRAL SEMI-ARID PRAIRIES,GREAT PLAINS,2008-08,5.84,29.98,303,3.84
MT4625810827219840825,1984,Aug,25,46.258,-108.272,157778,Northwestern Great Plains,WEST-CENTRAL SEMI-ARID PRAIRIES,GREAT PLAINS,1984-08,5.98,32.08,305,3.47
MT4648111367820070713,2007,July,13,46.481,-113.678,68236,Middle Rockies,WESTERN CORDILLERA,NORTHWESTERN FORESTED MOUNTAINS,2007-07,6.13,28.85,301,3.04
MT4724011275119880625,1988,June,25,47.24,-112.751,167875,Canadian Rockies,WESTERN CORDILLERA,NORTHWESTERN FORESTED MOUNTAINS,1988-06,4.85,60.71,294,3.96
MT4751410764220030719,2003,July,19,47.514,-107.642,137947,Northwestern Great Plains,WEST-CENTRAL SEMI-ARID PRAIRIES,GREAT PLAINS,2003-07,6.90,18.47,306,3.62
MT4754010748920060717,2006,July,17,47.54,-107.489,124599,Northwestern Great Plains,WEST-CENTRAL SEMI-ARID PRAIRIES,GREAT PLAINS,2006-07,7.31,16.09,307,3.53
MT4780711483420070731,2007,July,31,47.807,-114.834,95656,Columbia Mountains/Northern Rockies,WESTERN CORDILLERA,NORTHWESTERN FORESTED MOUNTAINS,2007-07,6.54,10.49,304,3.01
MT4784711358920150812,2015,Aug,12,47.812,-113.425,60710,Canadian Rockies,WESTERN CORDILLERA,NORTHWESTERN FORESTED MOUNTAINS,2015-08,5.12,19.48,296,4.44
MT4797011293420070628,2007,June,28,47.97,-112.934,53912,Canadian Rockies,WESTERN CORDILLERA,NORTHWESTERN FORESTED MOUNTAINS,2007-06,4.49,72.81,291,4.92
MT4838610920219911016,1991,Oct,16,48.386,-109.202,138192,Northwestern Glaciated Plains,WEST-CENTRAL SEMI-ARID PRAIRIES,GREAT PLAINS,1991-10,2.49,24.20,286,4.54
MT4856111405520030723,2003,July,23,48.561,-114.055,54500,Canadian Rockies,WESTERN CORDILLERA,NORTHWESTERN FORESTED MOUNTAINS,2003-07,6.13,6.95,298,4.11
MT4865211410120010816,2001,Aug,16,48.652,-114.101,73210,Canadian Rockies,WESTERN CORDILLERA,NORTHWESTERN FORESTED MOUNTAINS,2001-08,5.01,6.55,297,3.73
MT4890111437420030718,2003,July,18,48.901,-114.374,51987,Canadian Rockies,WESTERN CORDILLERA,NORTHWESTERN FORESTED MOUNTAINS,2003-07,6.13,6.95,298,4.11
NC3449007769619860505,1986,May,5,34.49,-77.696,77768,Middle Atlantic Coastal Plain,MISSISSIPPI ALLUVIAL AND SOUTHEAST USA COASTAL PLAINS,EASTERN TEMPERATE FORESTS,1986-05,5.31,59.47,301,3.67
NC3569507626119850407,1985,April,7,35.695,-76.261,110696,Middle Atlantic Coastal Plain,MISSISSIPPI ALLUVIAL AND SOUTHEAST USA COASTAL PLAINS,EASTERN TEMPERATE FORESTS,1985-04,4.89,20.56,298,3.88
ND4762110385319991031,1999,Oct,31,47.621,-103.853,53708,Northwestern Great Plains,WEST-CENTRAL SEMI-ARID PRAIRIES,GREAT PLAINS,1999-10,2.65,10.54,290,3.94
NE4262410325320120829,2012,Aug,29,42.686,-103.174,55228,High Plains,SOUTH CENTRAL SEMI-ARID PRAIRIES,GREAT PLAINS,2012-08,7.06,23.74,307,3.84
NE4282410260920120829,2012,Aug,29,42.989,-102.678,77277,High Plains,SOUTH CENTRAL SEMI-ARID PRAIRIES,GREAT PLAINS,2012-08,7.06,23.74,307,3.84
NE4284210010820120720,2012,July,20,42.803,-100.095,66349,Northwestern Great Plains,WEST-CENTRAL SEMI-ARID PRAIRIES,GREAT PLAINS,2012-07,7.27,34.95,308,3.53
NM3138510881120090610,2009,June,10,31.385,-108.811,104011,Madrean Archipelago,WESTERN SIERRA MADRE PIEDMONT,SOUTHERN SEMI-ARID HIGHLANDS,2009-06,7.76,30.15,305,4.04
NM3223310475220110424,2011,April,24,32.279,-104.664,53486,Chihuahuan Desert,WARM DESERTS,NORTH AMERICAN DESERTS,2011-04,7.47,0.28,302,5.01
NM3288810780920130607,2013,June,7,32.989,-107.835,137884,Arizona/New Mexico Mountains,UPPER GILA MOUNTAINS,TEMPERATE SIERRAS,2013-06,8.12,6.93,305,4.23
NM3307510377520110227,2011,Feb,27,33.067,-103.512,77368,High Plains,SOUTH CENTRAL SEMI-ARID PRAIRIES,GREAT PLAINS,2011-02,2.64,9.13,283,4.68
NM3314410836920110428,2011,April,28,33.179,-108.327,84760,Arizona/New Mexico Mountains,UPPER GILA MOUNTAINS,TEMPERATE SIERRAS,2011-04,5.79,11.13,293,6.05
NM3315710331520060312,2006,March,12,33.157,-103.315,92790,High Plains,SOUTH CENTRAL SEMI-ARID PRAIRIES,GREAT PLAINS,2006-03,3.54,29.12,287,4.94
NM3322510843320030531,2003,May,31,33.225,-108.433,113956,Arizona/New Mexico Mountains,UPPER GILA MOUNTAINS,TEMPERATE SIERRAS,2003-05,6.75,5.21,298,4.50
NM3326710859220120509,2012,May,9,33.324,-108.573,306923,Arizona/New Mexico Mountains,UPPER GILA MOUNTAINS,TEMPERATE SIERRAS,2012-05,7.14,7.39,298,4.76
NM3330110523720110628,2011,June,28,33.279,-105.31,103326,Arizona/New Mexico Mountains,UPPER GILA MOUNTAINS (?),TEMPERATE SIERRAS,2011-06,8.38,1.48,303,5.10
NM3341310817620050528,2005,May,28,33.413,-108.176,74273,Arizona/New Mexico Mountains,UPPER GILA MOUNTAINS,TEMPERATE SIERRAS,2005-05,6.36,11.83,297,4.26
NM3353010381320090610,2009,June,10,33.53,-103.813,53730,High Plains,SOUTH CENTRAL SEMI-ARID PRAIRIES,GREAT PLAINS,2009-06,6.37,90.34,302,3.91
NM3361010535120040515,2004,May,15,33.61,-105.351,60546,Arizona/New Mexico Mountains,UPPER GILA MOUNTAINS (?),TEMPERATE SIERRAS,2004-05,7.13,3.19,298,4.86
NM3581210654120110626,2011,June,26,35.87,-106.423,150874,Southern Rockies,WESTERN CORDILLERA,NORTHWESTERN FORESTED MOUNTAINS,2011-06,6.36,18.15,295,5.11
NM3668210504720020608,2002,June,8,36.682,-105.047,89084,Southern Rockies,WESTERN CORDILLERA,NORTHWESTERN FORESTED MOUNTAINS,2002-06,6.39,14.03,298,3.95
NV3716611461920050622,2005,June,22,37.166,-114.619,150019,Mojave Basin and Range,WARM DESERTS,NORTH AMERICAN DESERTS,2005-06,8.50,2.05,306,4.19
NV3724211430320050622,2005,June,22,37.242,-114.303,327156,Mojave Basin and Range,WARM DESERTS,NORTH AMERICAN DESERTS,2005-06,8.50,2.05,306,4.19
NV3728011477820050628,2005,June,28,37.28,-114.778,172390,Central Basin and Range,COLD DESERTS,NORTH AMERICAN DESERTS,2005-06,6.29,18.74,298,3.96
NV3984111739119990804,1999,Aug,4,39.841,-117.391,172226,Central Basin and Range,COLD DESERTS,NORTH AMERICAN DESERTS,1999-08,6.02,20.20,302,3.48
NV3994911652819990805,1999,Aug,5,39.949,-116.528,106236,Central Basin and Range,COLD DESERTS,NORTH AMERICAN DESERTS,1999-08,6.02,20.20,302,3.48
NV4011611706720070716,2007,July,16,40.116,-117.067,130150,Central Basin and Range,COLD DESERTS,NORTH AMERICAN DESERTS,2007-07,7.14,11.30,307,3.03
NV4049411640819990804,1999,Aug,4,40.494,-116.408,55277,Central Basin and Range,COLD DESERTS,NORTH AMERICAN DESERTS,1999-08,6.02,20.20,302,3.48
NV4070311606720070717,2007,July,17,40.703,-116.067,65600,Central Basin and Range,COLD DESERTS,NORTH AMERICAN DESERTS,2007-07,7.14,11.30,307,3.03
NV4077411679420010809,2001,Aug,9,40.774,-116.794,85110,Central Basin and Range,COLD DESERTS,NORTH AMERICAN DESERTS,2001-08,6.32,11.29,306,2.98
NV4078711636620110930,2011,Sept,30,40.813,-116.306,50449,Central Basin and Range,COLD DESERTS,NORTH AMERICAN DESERTS,2011-09,4.56,12.68,301,2.57
NV4080011817320070706,2007,July,6,40.8,-118.173,58367,Central Basin and Range,COLD DESERTS,NORTH AMERICAN DESERTS,2007-07,7.14,11.30,307,3.03
NV4082511602820060625,2006,June,25,40.825,-116.028,81760,Central Basin and Range,COLD DESERTS,NORTH AMERICAN DESERTS,2006-06,6.74,7.33,302,3.30
NV4094911623520110930,2011,Sept,30,41.133,-116.237,115891,Northern Basin and Range,COLD DESERTS,NORTH AMERICAN DESERTS,2011-09,4.48,5.73,300,2.85
NV4104111664720060903,2006,Sept,3,41.041,-116.647,153120,Central Basin and Range,COLD DESERTS,NORTH AMERICAN DESERTS,2006-09,4.46,11.57,298,3.06
NV4108611692019990708,1999,July,8,41.086,-116.92,72638,Central Basin and Range,COLD DESERTS,NORTH AMERICAN DESERTS,1999-07,7.01,13.65,304,3.57
NV4111111669020010812,2001,Aug,12,41.111,-116.69,73798,Central Basin and Range,COLD DESERTS,NORTH AMERICAN DESERTS,2001-08,6.32,11.29,306,2.98
NV4114511803919990804,1999,Aug,4,41.145,-118.039,128143,Central Basin and Range,COLD DESERTS,NORTH AMERICAN DESERTS,1999-08,6.02,20.20,302,3.48
NV4115111737319960826,1996,Aug,26,41.151,-117.373,71058,Central Basin and Range,COLD DESERTS,NORTH AMERICAN DESERTS,1996-08,6.16,3.35,305,2.98
NV4120311652020050715,2005,July,15,41.203,-116.52,101118,Central Basin and Range,COLD DESERTS,NORTH AMERICAN DESERTS,2005-07,7.25,7.85,307,3.09
NV4122911799519850619,1985,June,19,41.229,-117.995,92482,Central Basin and Range,COLD DESERTS,NORTH AMERICAN DESERTS,1985-06,6.79,9.69,303,3.24
NV4123611474620000726,2000,July,26,41.236,-114.746,67886,Northern Basin and Range,COLD DESERTS,NORTH AMERICAN DESERTS,2000-07,6.60,5.19,303,3.11
NV4142111667920060725,2006,July,25,41.421,-116.679,242873,Northern Basin and Range,COLD DESERTS,NORTH AMERICAN DESERTS,2006-07,6.70,9.69,305,2.82
NV4143111542120060815,2006,Aug,15,41.431,-115.421,154036,Central Basin and Range,COLD DESERTS,NORTH AMERICAN DESERTS,2006-08,6.44,4.61,303,3.37
NV4149011635520060903,2006,Sept,3,41.49,-116.355,105310,Northern Basin and Range,COLD DESERTS,NORTH AMERICAN DESERTS,2006-09,4.05,14.98,297,3.16
NV4158311803020000717,2000,July,17,41.583,-118.03,69694,Northern Basin and Range,COLD DESERTS,NORTH AMERICAN DESERTS,2000-07,6.60,5.19,303,3.11
NV4174011645420050715,2005,July,15,41.74,-116.454,50877,Northern Basin and Range,COLD DESERTS,NORTH AMERICAN DESERTS,2005-07,6.79,6.58,304,3.10
NV4175111790919850707,1985,July,7,41.751,-117.909,74645,Northern Basin and Range,COLD DESERTS,NORTH AMERICAN DESERTS,1985-07,6.58,22.92,304,2.93
NV4175311853719990804,1999,Aug,4,41.753,-118.537,77045,Central Basin and Range,COLD DESERTS,NORTH AMERICAN DESERTS,1999-08,6.02,20.20,302,3.48
NV4176911415120070718,2007,July,18,41.769,-114.151,159805,Northern Basin and Range,COLD DESERTS,NORTH AMERICAN DESERTS,2007-07,6.89,7.50,305,2.99
NV4182111527920080810,2008,Aug,10,41.821,-115.279,55098,Northern Basin and Range,COLD DESERTS,NORTH AMERICAN DESERTS,2008-08,6.03,4.88,302,3.45
NV4190411448120070706,2007,July,6,41.904,-114.481,63143,Northern Basin and Range,COLD DESERTS,NORTH AMERICAN DESERTS,2007-07,6.89,7.50,305,2.99
NV4193511485720070716,2007,July,16,41.935,-114.857,59642,Northern Basin and Range,COLD DESERTS,NORTH AMERICAN DESERTS,2007-07,6.89,7.50,305,2.99
NV4197311836620120805,2012,Aug,5,41.998,-118.248,457931,Northern Basin and Range,COLD DESERTS,NORTH AMERICAN DESERTS,2012-08,6.30,5.77,305,3.05
NV4198511429920000817,2000,Aug,17,41.985,-114.299,56396,Northern Basin and Range,COLD DESERTS,NORTH AMERICAN DESERTS,2000-08,6.07,6.37,303,3.23
OK3431309744020090409,2009,April,9,34.313,-97.44,56584,Cross Timbers,SOUTH CENTRAL SEMI-ARID PRAIRIES,GREAT PLAINS,2009-04,5.35,122.94,297,5.92
OK3595609643920120803,2012,Aug,3,36.046,-96.398,57116,Cross Timbers,SOUTH CENTRAL SEMI-ARID PRAIRIES,GREAT PLAINS,2012-08,7.34,68.28,310,3.92
OK3681409579220140223,2014,Feb,23,36.839,-95.799,51112,Central Irregular Plains,TEMPERATE PRAIRIES,GREAT PLAINS,2014-02,1.37,27.63,275,4.64
OK3682209579220150330,2015,March,30,36.839,-95.799,52623,Central Irregular Plains,TEMPERATE PRAIRIES,GREAT PLAINS,2015-03,2.77,31.75,287,4.14
OK3686509648319960426,1996,April,26,36.865,-96.483,61651,Flint Hills,SOUTH CENTRAL SEMI-ARID PRAIRIES,GREAT PLAINS,1996-04,5.03,40.04,294,5.76
OK3687309618819960426,1996,April,26,36.873,-96.188,57886,Cross Timbers,SOUTH CENTRAL SEMI-ARID PRAIRIES,GREAT PLAINS,1996-04,5.69,66.71,298,5.38
OK3693709646520110411,2011,April,11,36.929,-96.476,65406,Flint Hills,SOUTH CENTRAL SEMI-ARID PRAIRIES,GREAT PLAINS,2011-04,4.97,59.30,295,5.89
OK3699909895419960222,1996,Feb,22,36.999,-98.954,88943,Central Great Plains,SOUTH CENTRAL SEMI-ARID PRAIRIES,GREAT PLAINS,1996-02,2.88,1.84,286,4.29
OR4211012080120120806,2012,Aug,6,42.015,-120.681,91487,Eastern Cascades Slopes and Foothills,WESTERN CORDILLERA,NORTHWESTERN FORESTED MOUNTAINS,2012-08,6.15,2.00,303,3.20
OR4232311875820060821,2006,Aug,21,42.323,-118.758,67854,Northern Basin and Range,COLD DESERTS,NORTH AMERICAN DESERTS,2006-08,5.86,4.73,301,3.16
OR4236212395219870830,1987,Aug,30,42.362,-123.952,96698,Klamath Mountains,WESTERN CORDILLERA,NORTHWESTERN FORESTED MOUNTAINS,1987-08,6.54,2.01,304,3.48
OR4239211789420120708,2012,July,8,42.428,-117.625,557620,Northern Basin and Range,COLD DESERTS,NORTH AMERICAN DESERTS,2012-07,6.84,8.31,304,3.13
OR4244112390420020713,2002,July,13,42.441,-123.904,495308,Klamath Mountains,WESTERN CORDILLERA,NORTHWESTERN FORESTED MOUNTAINS,2002-07,7.02,1.65,304,3.47
OR4263511759320010809,2001,Aug,9,42.635,-117.593,66990,Northern Basin and Range,COLD DESERTS,NORTH AMERICAN DESERTS,2001-08,6.07,3.41,304,2.92
OR4281911917520120708,2012,July,8,42.884,-119.059,163356,Northern Basin and Range,COLD DESERTS,NORTH AMERICAN DESERTS,2012-07,6.84,8.31,304,3.13
OR4295411972520010808,2001,Aug,8,42.954,-119.725,95148,Northern Basin and Range,COLD DESERTS,NORTH AMERICAN DESERTS,2001-08,6.07,3.41,304,2.92
OR4300111780120060722,2006,July,22,43.001,-117.801,72071,Northern Basin and Range,COLD DESERTS,NORTH AMERICAN DESERTS,2006-07,6.70,9.69,305,2.82
OR4301812088720020712,2002,July,12,43.018,-120.887,56342,Eastern Cascades Slopes and Foothills,WESTERN CORDILLERA,NORTHWESTERN FORESTED MOUNTAINS,2002-07,6.59,4.73,303,3.29
OR4332411821620140714,2014,July,14,43.284,-118.063,284065,Northern Basin and Range,COLD DESERTS,NORTH AMERICAN DESERTS,2014-07,6.78,12.29,304,3.24
OR4362911838720140714,2014,July,14,43.503,-118.305,88679,Northern Basin and Range,COLD DESERTS,NORTH AMERICAN DESERTS,2014-07,6.78,12.29,304,3.24
OR4382211938920070706,2007,July,6,43.822,-119.389,139515,Blue Mountains,WESTERN CORDILLERA,NORTHWESTERN FORESTED MOUNTAINS,2007-07,6.58,6.09,304,2.99
OR4415511718820000714,2000,July,14,44.155,-117.188,80733,Snake River Plain,COLD DESERTS,NORTH AMERICAN DESERTS,2000-07,6.82,5.25,305,3.11
OR4426911945020140801,2014,Aug,1,44.274,-119.456,66743,Blue Mountains,WESTERN CORDILLERA,NORTHWESTERN FORESTED MOUNTAINS,2014-08,5.14,28.24,300,2.97
OR4428411896120150812,2015,Aug,12,44.301,-118.85,109786,Blue Mountains,WESTERN CORDILLERA,NORTHWESTERN FORESTED MOUNTAINS,2015-08,5.79,4.93,301,3.26
OR4451112177120030819,2003,Aug,19,44.511,-121.771,91281,Cascades,WESTERN CORDILLERA,NORTHWESTERN FORESTED MOUNTAINS,2003-08,4.91,15.94,298,2.98
OR4458511775220150810,2015,Aug,10,44.592,-117.728,102553,Blue Mountains,WESTERN CORDILLERA,NORTHWESTERN FORESTED MOUNTAINS,2015-08,5.79,4.93,301,3.26
OR4481412123520130720,2013,July,20,44.881,-121.178,50028,Blue Mountains,WESTERN CORDILLERA,NORTHWESTERN FORESTED MOUNTAINS,2013-07,6.53,6.67,303,2.89
OR4483012137720150812,2015,Aug,12,44.829,-121.39,70908,Blue Mountains,WESTERN CORDILLERA,NORTHWESTERN FORESTED MOUNTAINS,2015-08,5.79,4.93,301,3.26
OR4490111693120060723,2006,July,23,44.901,-116.931,52496,Blue Mountains,WESTERN CORDILLERA,NORTHWESTERN FORESTED MOUNTAINS,2006-07,6.51,8.33,303,2.91
OR4493112043020110824,2011,Aug,24,44.996,-120.421,71495,Columbia Plateau,COLD DESERTS,NORTH AMERICAN DESERTS,2011-08,5.79,0.98,303,3.15
OR4495611940720070712,2007,July,12,44.956,-119.407,54572,Blue Mountains,WESTERN CORDILLERA,NORTHWESTERN FORESTED MOUNTAINS,2007-07,6.58,6.09,304,2.99
OR4503511869219960814,1996,Aug,14,45.035,-118.692,50827,Blue Mountains,WESTERN CORDILLERA,NORTHWESTERN FORESTED MOUNTAINS,1996-08,5.48,8.10,301,3.22
OR4503712107920110824,2011,Aug,24,44.97,-121.024,65350,Columbia Plateau,COLD DESERTS,NORTH AMERICAN DESERTS,2011-08,5.79,0.98,303,3.15
OR4556011656419960802,1996,Aug,2,45.56,-116.564,50250,Blue Mountains,WESTERN CORDILLERA,NORTHWESTERN FORESTED MOUNTAINS,1996-08,5.48,8.10,301,3.22
OR4585811691019880825,1988,Aug,25,45.858,-116.91,59565,Blue Mountains,WESTERN CORDILLERA,NORTHWESTERN FORESTED MOUNTAINS,1988-08,5.65,8.76,301,3.16
OR4598611692820120820,2012,Aug,20,45.905,-116.899,75521,Blue Mountains,WESTERN CORDILLERA,NORTHWESTERN FORESTED MOUNTAINS,2012-08,5.91,0.22,303,2.96
SD4381510387820000824,2000,Aug,24,43.815,-103.878,82298,Middle Rockies,WESTERN CORDILLERA,NORTHWESTERN FORESTED MOUNTAINS,2000-08,5.37,19.06,298,3.85
TX2671309823220080318,2008,March,18,26.703,-98.23,58395,Western Gulf Coastal Plain,TEXAS-LOUISIANA COASTAL PLAIN,GREAT PLAINS,2008-03,4.37,50.10,298,5.45
TX2993910441119980530,1998,May,30,29.957,-104.416,51763,Chihuahuan Desert,WARM DESERTS,NORTH AMERICAN DESERTS,1998-05,7.83,2.50,306,4.00
TX3016310124720110425,2011,April,25,30.217,-101.24,167598,Edwards Plateau,SOUTH CENTRAL SEMI-ARID PRAIRIES,GREAT PLAINS,2011-04,8.02,10.77,305,5.88
TX3023910292920110507,2011,May,7,30.26,-102.816,80788,Chihuahuan Desert,WARM DESERTS,NORTH AMERICAN DESERTS,2011-05,7.97,1.19,303,4.63
TX3031210406220110409,2011,April,9,30.623,-103.936,299170,Chihuahuan Desert,WARM DESERTS,NORTH AMERICAN DESERTS,2011-04,7.47,0.28,302,5.01
TX3036010327120110509,2011,May,9,30.44,-103.123,85016,Chihuahuan Desert,WARM DESERTS,NORTH AMERICAN DESERTS,2011-05,7.97,1.19,303,4.63
TX3067110235120080430,2008,April,30,30.671,-102.351,84897,Chihuahuan Desert,WARM DESERTS,NORTH AMERICAN DESERTS,2008-04,6.80,0.66,300,4.44
TX3160710111020080225,2008,Feb,25,31.607,-101.11,196945,Edwards Plateau,SOUTH CENTRAL SEMI-ARID PRAIRIES,GREAT PLAINS,2008-02,4.10,4.02,295,4.81
TX3179610058220110411,2011,April,11,31.73,-100.468,150157,Edwards Plateau,SOUTH CENTRAL SEMI-ARID PRAIRIES,GREAT PLAINS,2011-04,8.02,10.77,305,5.88
TX3207810046020110620,2011,June,20,32.172,-100.447,71857,Edwards Plateau,SOUTH CENTRAL SEMI-ARID PRAIRIES,GREAT PLAINS,2011-06,9.19,14.88,310,5.80
TX3238310102720110414,2011,April,14,32.225,-102.928,106253,High Plains,SOUTH CENTRAL SEMI-ARID PRAIRIES,GREAT PLAINS,2011-04,5.60,26.73,295,5.27
TX3238510242020110227,2011,Feb,27,32.386,-102.286,64786,High Plains,SOUTH CENTRAL SEMI-ARID PRAIRIES,GREAT PLAINS,2011-02,2.64,9.13,283,4.68
TX3269409941719880312,1988,March,12,32.702,-99.386,209377,Central Great Plains,SOUTH CENTRAL SEMI-ARID PRAIRIES,GREAT PLAINS,1988-03,3.52,39.82,289,4.92
TX3289209866620110413,2011,April,13,32.786,-98.496,128548,Cross Timbers,SOUTH CENTRAL SEMI-ARID PRAIRIES,GREAT PLAINS,2011-04,7.57,77.77,304,6.23
TX3298710081820110411,2011,April,11,32.927,-100.643,157855,Southwestern Tablelands,SOUTH CENTRAL SEMI-ARID PRAIRIES,GREAT PLAINS,2011-04,6.40,10.05,297,5.44
TX3328510032520110406,2011,April,6,33.384,-100.172,136789,Southwestern Tablelands,SOUTH CENTRAL SEMI-ARID PRAIRIES,GREAT PLAINS,2011-04,6.40,10.05,297,5.44
TX3354510075720110507,2011,May,7,33.53,-100.611,90808,Southwestern Tablelands,SOUTH CENTRAL SEMI-ARID PRAIRIES,GREAT PLAINS,2011-05,7.23,15.58,299,5.19
TX3551510078020060312,2006,March,12,35.515,-100.78,593364,Southwestern Tablelands,SOUTH CENTRAL SEMI-ARID PRAIRIES,GREAT PLAINS,2006-03,4.02,22.73,290,5.08
UT3716911391620050623,2005,June,23,37.169,-113.916,58767,Mojave Basin and Range,WARM DESERTS,NORTH AMERICAN DESERTS,2005-06,8.50,2.05,306,4.19
UT3793611217320020531,2002,May,31,37.936,-112.173,81854,Wasatch and Uinta Mountains,WESTERN CORDILLERA,NORTHWESTERN FORESTED MOUNTAINS,2002-05,5.01,23.06,290,3.90
UT3868911273920070706,2007,July,6,38.689,-112.739,348772,Central Basin and Range,COLD DESERTS,NORTH AMERICAN DESERTS,2007-07,7.14,11.30,307,3.03
UT3932911237920120627,2012,June,27,39.431,-112.258,107391,Central Basin and Range,COLD DESERTS,NORTH AMERICAN DESERTS,2012-06,7.33,1.20,301,4.16
UT3972411225419990702,1999,July,2,39.724,-112.254,64598,Central Basin and Range,COLD DESERTS,NORTH AMERICAN DESERTS,1999-07,7.01,13.65,304,3.57
UT3978911229219960802,1996,Aug,2,39.789,-112.292,161188,Central Basin and Range,COLD DESERTS,NORTH AMERICAN DESERTS,1996-08,6.16,3.35,305,2.98
WA4606911776320150814,2015,Aug,14,46.008,-117.612,79418,Blue Mountains,WESTERN CORDILLERA,NORTHWESTERN FORESTED MOUNTAINS,2015-08,5.79,4.93,301,3.26
WA4613412137420150811,2015,Aug,11,46.18,-121.378,51866,Cascades,WESTERN CORDILLERA,NORTHWESTERN FORESTED MOUNTAINS,2015-08,5.22,26.39,298,3.45
WA4616811780620060821,2006,Aug,21,46.168,-117.806,118865,Blue Mountains,WESTERN CORDILLERA,NORTHWESTERN FORESTED MOUNTAINS,2006-08,5.48,9.55,300,3.04
WA4628511761620050805,2005,Aug,5,46.285,-117.616,51701,Columbia Plateau,COLD DESERTS,NORTH AMERICAN DESERTS,2005-08,5.95,3.22,304,3.18
WA4645511957720000607,2000,June,7,46.455,-119.577,162313,Columbia Plateau,COLD DESERTS,NORTH AMERICAN DESERTS,2000-06,5.80,19.15,299,3.76
WA4648111969720070816,2007,Aug,16,46.481,-119.697,77956,Columbia Plateau,COLD DESERTS,NORTH AMERICAN DESERTS,2007-08,5.50,8.52,302,3.22
WA4724812058320120908,2012,Sept,8,47.289,-120.531,65887,Eastern Cascades Slopes and Foothills,WESTERN CORDILLERA,NORTHWESTERN FORESTED MOUNTAINS,2012-09,4.63,0.33,300,3.01
WA4729912010620130727,2013,July,27,47.18,-120.135,79279,Columbia Plateau,COLD DESERTS,NORTH AMERICAN DESERTS,2013-07,7.08,3.73,306,3.16
WA4781512037419940724,1994,July,24,47.815,-120.374,123618,North Cascades,WESTERN CORDILLERA,NORTHWESTERN FORESTED MOUNTAINS,1994-07,5.23,30.68,297,3.07
WA4791211911620120908,2012,Sept,8,48.014,-119.209,85906,Columbia Plateau,COLD DESERTS,NORTH AMERICAN DESERTS,2012-09,4.19,0.17,301,2.78
WA4800511820420150815,2015,Aug,15,48.05,-118.091,62488,Columbia Mountains/Northern Rockies,WESTERN CORDILLERA,NORTHWESTERN FORESTED MOUNTAINS,2015-08,5.55,13.11,300,3.58
WA4805112011320150814,2015,Aug,14,47.976,-120.053,61379,North Cascades,WESTERN CORDILLERA,NORTHWESTERN FORESTED MOUNTAINS,2015-08,4.42,79.65,295,3.45
WA4816212046320010812,2001,Aug,12,48.162,-120.463,54456,North Cascades,WESTERN CORDILLERA,NORTHWESTERN FORESTED MOUNTAINS,2001-08,4.10,58.63,295,3.14
WA4821112010220140714,2014,July,14,48.248,-119.96,276091,North Cascades,WESTERN CORDILLERA,NORTHWESTERN FORESTED MOUNTAINS,2014-07,5.08,41.46,297,3.06
WA4822612066620150629,2015,June,29,48.129,-120.657,66329,North Cascades,WESTERN CORDILLERA,NORTHWESTERN FORESTED MOUNTAINS,2015-06,5.14,18.03,295,2.96
WA4833811900220150813,2015,Aug,13,48.415,-118.94,218547,Columbia Mountains/Northern Rockies,WESTERN CORDILLERA,NORTHWESTERN FORESTED MOUNTAINS,2015-08,5.55,13.11,300,3.58
WA4852611946320150814,2015,Aug,14,48.478,-119.339,180111,Columbia Mountains/Northern Rockies,WESTERN CORDILLERA,NORTHWESTERN FORESTED MOUNTAINS,2015-08,5.55,13.11,300,3.58
WA4853211998720060724,2006,July,24,48.532,-119.987,59712,North Cascades,WESTERN CORDILLERA,NORTHWESTERN FORESTED MOUNTAINS,2006-07,5.13,21.23,296,2.94
WA4857111968120150814,2015,Aug,14,48.507,-119.694,137098,North Cascades,WESTERN CORDILLERA,NORTHWESTERN FORESTED MOUNTAINS,2015-08,4.42,79.65,295,3.45
WA4875611846220150811,2015,Aug,11,48.842,-118.409,54119,Columbia Mountains/Northern Rockies,WESTERN CORDILLERA,NORTHWESTERN FORESTED MOUNTAINS,2015-08,5.55,13.11,300,3.58
WA4883712016920030630,2003,June,30,48.837,-120.169,77444,North Cascades,WESTERN CORDILLERA,NORTHWESTERN FORESTED MOUNTAINS,2003-06,4.81,24.47,293,3.57
WA4884111998320060703,2006,July,3,48.841,-119.983,115123,North Cascades,WESTERN CORDILLERA,NORTHWESTERN FORESTED MOUNTAINS,2006-07,5.13,21.23,296,2.94
WV3791108213719871107,1987,Nov,7,37.911,-82.137,61231,Central Appalachians,OZARK/OUACHITA-APPALACHIAN FORESTS,EASTERN TEMPERATE FORESTS,1987-11,2.05,67.81,287,4.82
WY4220110549020120627,2012,June,27,42.214,-105.406,100043,Southern Rockies,WESTERN CORDILLERA,NORTHWESTERN FORESTED MOUNTAINS,2012-06,6.62,7.33,298,4.27
WY4243611062020120624,2012,June,24,42.533,-110.52,58125,Middle Rockies,WESTERN CORDILLERA,NORTHWESTERN FORESTED MOUNTAINS,2012-06,5.30,29.44,293,4.89
WY4354410851720000807,2000,Aug,7,43.544,-108.517,141128,Wyoming Basin,COLD DESERTS,NORTH AMERICAN DESERTS,2000-08,5.47,16.19,302,3.18
WY4376410782819960825,1996,Aug,25,43.764,-107.828,53211,Wyoming Basin,COLD DESERTS,NORTH AMERICAN DESERTS,1996-08,5.58,9.72,302,3.15
WY4389710429420120629,2012,June,29,43.993,-104.3,63182,Middle Rockies,WESTERN CORDILLERA,NORTHWESTERN FORESTED MOUNTAINS,2012-06,5.30,29.44,293,4.89
WY4415711051919880711,1988,July,11,44.157,-110.519,565990,Middle Rockies,WESTERN CORDILLERA,NORTHWESTERN FORESTED MOUNTAINS,1988-07,6.28,13.37,300,3.68
WY4454310947320080726,2008,July,26,44.543,-109.473,69730,Middle Rockies,WESTERN CORDILLERA,NORTHWESTERN FORESTED MOUNTAINS,2008-07,5.98,20.20,298,3.76
WY4470811082119880722,1988,July,22,44.708,-110.821,565116,Middle Rockies,WESTERN CORDILLERA,NORTHWESTERN FORESTED MOUNTAINS,1988-07,6.28,13.37,300,3.68
WY4491210990219880711,1988,July,11,44.912,-109.902,354075,Middle Rockies,WESTERN CORDILLERA,NORTHWESTERN FORESTED MOUNTAINS,1988-07,6.28,13.37,300,3.68